"n","lambda","rep","mse_e","mse_m0","mse_m1","num_leaves_e","num_leaves_m0","num_leaves_m1"
400,0.01,1,0.00361577204833218,0.000781743464105896,0.00196940111012769,0,0,0
800,0.01,1,0.00170583875482078,0.00193008301085298,0.00170412643545802,0,0,0
1600,0.01,1,0.000368996001163398,0.00171139692868775,0.00386610021099102,0,0,0
3200,0.01,1,0.00059090204602353,0.000452451421708136,0.000190977253290507,0,0,0
400,0.05,1,0.00312210079189521,0.00358572515677393,0.00386756449446319,0,0,0
800,0.05,1,0.00243406672587788,0.00133281527472812,0.00195134068727127,0,0,0
1600,0.05,1,0.000357480447568919,0.000575248470091805,0.000185739864582073,0,0,0
3200,0.05,1,0.000373198976074645,0.000999189241086607,0.000794620087329897,0,0,0
400,0.1,1,0.0024168813092426,0.00839398126037284,0.00712072267529899,0,0,0
800,0.1,1,0.00184623404756712,0.00130268698467147,0.00338186073201252,0,0,0
1600,0.1,1,0.00133811898173817,0.000587561393587507,0.000788061521902107,0,0,0
3200,0.1,1,0.0002471329066311,0.000567877717533909,0.000360404441295292,0,0,0
400,0.2,1,0.00220417677482442,0.0118967945474082,0.00203347987014313,0,0,0
800,0.2,1,0.00347702645055968,0.00688721908606882,0.00264111814746254,0,0,0
1600,0.2,1,0.000656338473483687,0.00147748559252198,0.00107305889371307,0,0,0
3200,0.2,1,9.67071380372421e-05,0.000903836008886984,0.000870072415453912,0,0,0
400,0.5,1,0.0007446209935029,0.00415789948962485,0.0169843141583659,0,0,0
800,0.5,1,0.00158621840655909,0.00573908356452351,0.00190157845022046,0,0,0
1600,0.5,1,0.000309559134210265,0.00174965119566662,0.000312325279580684,0,0,0
3200,0.5,1,0.000300414656443548,0.000206300046030093,0.0019432157659009,0,0,0
400,0.01,2,0.00322811743582441,0.00859403094234138,0.00302300008295248,0,0,0
800,0.01,2,0.00140931647678939,0.00515684709121435,0.00078688321077624,0,0,0
1600,0.01,2,0.000562070771083632,0.00140649763093851,0.000264862712397554,0,0,0
3200,0.01,2,0.000513353094483353,0.000876371471717135,0.000346732340504751,0,0,0
400,0.05,2,0.00344133913979984,0.01063010598535,0.00300370056083253,0,0,0
800,0.05,2,0.00354672908848447,0.00146335754334459,0.00249226712259546,0,0,0
1600,0.05,2,0.000724610018169418,0.000767611626344458,0.000206910661375341,0,0,0
3200,0.05,2,0.000233189905236912,0.000137958757278962,0.000290275645117421,0,0,0
400,0.1,2,0.00643916757499315,0.00291337943613237,0.00537038604412466,0,0,0
800,0.1,2,0.00212330343202522,0.00545507230416995,0.000741010570920124,0,0,0
1600,0.1,2,0.000957136027617999,0.00897305778934905,0.000266764670237791,0,0,0
3200,0.1,2,0.000330593844445826,0.000944793774413534,0.000108772356696804,0,0,0
400,0.2,2,0.00154651182689392,0.0130614583041601,0.0113881250986662,0,0,0
800,0.2,2,0.00234948814804509,0.00356601014565769,0.000293811254397263,0,0,0
1600,0.2,2,0.000270077484335252,0.00305850545243569,0.00138869972399438,0,0,0
3200,0.2,2,0.000815455075771119,0.000558284407222578,0.000785583010652991,0,0,0
400,0.5,2,0.00159008147511106,0.00828609370965494,0.00811090507297065,0,0,0
800,0.5,2,0.00184468260570262,0.00304304421334403,0.00369097418345765,0,0,0
1600,0.5,2,0.00160945684544723,0.00157402434155487,0.000695153361855978,0,0,0
3200,0.5,2,0.000131021435544264,0.00010516237552612,9.98087878559051e-05,0,0,0
400,0.01,3,0.00526469164919311,0.00257620465658492,0.00719388314472031,0,0,0
800,0.01,3,0.000803210707554168,0.0021825277319202,0.000359987067326027,0,0,0
1600,0.01,3,0.00048352779243343,0.00105733752592097,0.00103733883945746,0,0,0
3200,0.01,3,0.000304048223892721,0.0013423035506724,0.000814281954734691,0,0,0
400,0.05,3,0.00061380199942782,0.00185946368961998,0.00613967956376524,0,0,0
800,0.05,3,0.0019410877443363,0.00243395332716698,0.00224377215705663,0,0,0
1600,0.05,3,0.00156282845843843,0.000510944702805227,0.000282174083812343,0,0,0
3200,0.05,3,0.000514065244703781,0.000511625580517995,3.6495777692811e-05,0,0,0
400,0.1,3,0.00082070855752715,0.00886248817983793,0.00551010798822457,0,0,0
800,0.1,3,0.00449474442414679,0.00914422190598658,0.00166799762317344,0,0,0
1600,0.1,3,0.00110987819893543,0.00359865988119486,0.000684062505717469,0,0,0
3200,0.1,3,0.000577323528940966,0.00177376398097903,0.000456352726127784,0,0,0
400,0.2,3,0.00271813767203803,0.00837566613405782,0.000274476025871161,0,0,0
800,0.2,3,0.00322387182241312,0.0102039825458539,0.00270316597862528,0,0,0
1600,0.2,3,0.000771884153453719,0.000466599352401867,0.000121519480944118,0,0,0
3200,0.2,3,0.00031244531715617,0.00123762876497875,0.00025332223504004,0,0,0
400,0.5,3,0.00854923929363578,0.00583279029423043,0.0029005106724829,0,0,0
800,0.5,3,0.000507164057253089,0.000228978912563093,0.000962383601789917,0,0,0
1600,0.5,3,0.00142990075995517,0.000790396935142723,0.00200938671344463,0,0,0
3200,0.5,3,0.000278914188397602,0.00116543836701795,0.000330905012075325,0,0,0
400,0.01,4,0.00276250158334912,0.0305608425301624,0.00155420352509908,0,0,0
800,0.01,4,0.00134831707741519,0.00290388124493623,0.00209076391744975,0,0,0
1600,0.01,4,0.00021228164736766,0.00179323857942884,0.00144611553143403,0,0,0
3200,0.01,4,0.000211521734426592,0.000360023840708511,0.000234250251627279,0,0,0
400,0.05,4,0.00161793855225525,0.00476447320627837,0.00595369879859152,0,0,0
800,0.05,4,0.000392964990779784,0.000591304022104131,0.00173355525006615,0,0,0
1600,0.05,4,4.17297040062628e-05,8.6466945131342e-05,0.000730411720757134,0,0,0
3200,0.05,4,0.000282266927597174,0.000603213229269421,0.000282624005764554,0,0,0
400,0.1,4,0.000521601333478371,0.004997267812525,0.00716768812409796,0,0,0
800,0.1,4,0.00104761740688115,0.00435226387736129,0.00114042122062593,0,0,0
1600,0.1,4,0.000980223257061799,0.00139115787101207,0.00105964496974305,0,0,0
3200,0.1,4,0.000139472277714959,0.000522427060037497,0.000469407287831101,0,0,0
400,0.2,4,0.00273934762628241,0.00240960093592071,0.00613812951297815,0,0,0
800,0.2,4,0.00183177429100059,0.00621327639307457,0.00183359886439129,0,0,0
1600,0.2,4,0.00236857313273692,0.000136634440252575,0.00115425071418487,0,0,0
3200,0.2,4,0.000582014849670542,0.00110957242900754,0.00125256740935452,0,0,0
400,0.5,4,0.00143652830961565,0.0123321751036027,0.00107002995498787,0,0,0
800,0.5,4,0.000893990864501648,0.00454350828308349,0.00199915568662826,0,0,0
1600,0.5,4,0.00245213061547127,0.00192432305592648,0.000871706429920865,0,0,0
3200,0.5,4,0.000170545544411454,0.000444453484759856,0.000688384814897508,0,0,0
400,0.01,5,0.000937105589690734,0.0033702591904232,0.0034937258444499,0,0,0
800,0.01,5,0.00215480749305026,0.00779739286759603,0.00111063034663961,0,0,0
1600,0.01,5,0.00107080839189532,0.00123099904877817,0.00103973122416644,0,0,0
3200,0.01,5,0.00058487361832114,0.000146372004516294,0.000328056069173754,0,0,0
400,0.05,5,0.00422340681621293,0.00902182686420974,0.00251110740035051,0,0,0
800,0.05,5,0.000517503546612078,0.000970824490808479,0.0030818369667775,0,0,0
1600,0.05,5,0.000787495869904524,0.00178073623978611,0.000231541363077941,0,0,0
3200,0.05,5,0.000152466907203813,0.00108739384039204,0.00111932926636214,0,0,0
400,0.1,5,0.00183444842848224,0.00596374868108049,0.00566575074843794,0,0,0
800,0.1,5,0.000175782997444056,0.000877666873333758,0.00162955651905689,0,0,0
1600,0.1,5,0.00200658022497025,0.000913420095744015,0.00287499133488966,0,0,0
3200,0.1,5,0.00147008919891101,0.00326415098017131,0.000411638908318429,0,0,0
400,0.2,5,0.000278675384486994,0.00273483940870814,0.00409057887779639,0,0,0
800,0.2,5,0.000232777858777596,0.00473140997467085,0.000773148315552311,0,0,0
1600,0.2,5,0.000358653690712705,0.00241945827991261,0.00162709470053591,0,0,0
3200,0.2,5,0.000332601060516342,0.000211340848266233,0.000518853115458915,0,0,0
400,0.5,5,0.00203821500496717,0.0124104782482751,0.00986229402116811,0,0,0
800,0.5,5,0.00182659362486691,0.000999659624455366,0.00378530192286025,0,0,0
1600,0.5,5,0.000415714764377261,0.000108831737373694,0.000279478742966453,0,0,0
3200,0.5,5,0.00105133780502495,0.000948489599263709,0.000715008391902607,0,0,0
400,0.01,6,0.00644424939156325,0.00380566270452068,0.00453581597954296,0,0,0
800,0.01,6,0.000849641210228154,0.00193664344626966,0.00366049463044118,0,0,0
1600,0.01,6,0.00063025668069726,0.000218028023357872,0.000864496696205322,0,0,0
3200,0.01,6,0.000270578545621081,0.000996226898401445,0.000506868541945956,0,0,0
400,0.05,6,0.000758242527997964,0.0172975180383765,0.00390884268631727,0,0,0
800,0.05,6,0.000983243732347651,0.0013683999579329,0.0028873728447519,0,0,0
1600,0.05,6,0.0013406111162518,0.00110388502092854,0.00094599487578733,0,0,0
3200,0.05,6,0.000580261573562812,0.00113610908445492,0.000382189702766235,0,0,0
400,0.1,6,0.00163586356843217,0.0144316347875649,0.00511484720075158,0,0,0
800,0.1,6,0.00225428123845608,0.00367957075936719,0.000459574466172593,0,0,0
1600,0.1,6,0.000109257399450878,0.00210954878390494,0.00145840503673634,0,0,0
3200,0.1,6,0.000248529596997148,0.000251798755528947,0.000192970472396376,0,0,0
400,0.2,6,0.00453489674217612,0.00523225225539965,0.0029870379021842,0,0,0
800,0.2,6,0.00104177314335898,0.00138848865851183,0.00424889124683527,0,0,0
1600,0.2,6,0.00129096252396812,0.00135831163213138,0.000907272038462447,0,0,0
3200,0.2,6,0.000779728672189543,0.000292552892839946,0.00101570195985178,0,0,0
400,0.5,6,0.00165953820903657,0.00549248870693638,0.00343363326239251,0,0,0
800,0.5,6,0.00353133257193043,0.00531414485295846,0.00155546814526364,0,0,0
1600,0.5,6,0.000990937136917309,0.00021349402982562,0.00198591344392052,0,0,0
3200,0.5,6,0.000100451361956743,0.000373699586301843,0.000270601989822484,0,0,0
400,0.01,7,0.00412727522967165,0.00112829260894001,0.00725512331936107,0,0,0
800,0.01,7,0.000540606360902136,0.00213282394151546,0.00224470666290796,0,0,0
1600,0.01,7,0.000458954430002524,0.00176871528924635,0.000102816802478914,0,0,0
3200,0.01,7,0.000584271298621514,0.000755689755216849,0.000270590802409369,0,0,0
400,0.05,7,0.00263335847966243,0.0126245463512703,0.00259900343144665,0,0,0
800,0.05,7,0.00143918030632205,0.00895465895480722,0.000540635244331801,0,0,0
1600,0.05,7,0.000551698760465645,0.00194951875674385,0.00133876568966765,0,0,0
3200,0.05,7,0.000127227078409071,0.00244198608875972,0.000461603539983889,0,0,0
400,0.1,7,0.00261146491920147,0.0097036010265176,0.00384124958610998,0,0,0
800,0.1,7,0.000648325283788568,0.00260954567335746,0.000836011459464716,0,0,0
1600,0.1,7,0.000389079932925602,0.00164020172515892,0.000668091058181582,0,0,0
3200,0.1,7,0.000415529683344182,0.000592735173035223,3.47576504951582e-05,0,0,0
400,0.2,7,0.00588056990529714,0.00712860108394026,0.00663261075056997,0,0,0
800,0.2,7,0.000466630528613263,0.00560694468562091,0.0015191214834689,0,0,0
1600,0.2,7,0.00123469224666804,0.000515155312078282,0.000427315919996602,0,0,0
3200,0.2,7,0.000381622668400286,0.00235753346968751,0.000775118265510318,0,0,0
400,0.5,7,0.00175635835703377,0.0111144729670935,0.00335657638954141,0,0,0
800,0.5,7,0.00591239105676178,0.00770459566032915,0.00358328317601019,0,0,0
1600,0.5,7,0.00205619459513539,0.000792467146591676,0.000851772645482462,0,0,0
3200,0.5,7,0.000219706331694533,0.000591918539927829,7.94001828043124e-05,0,0,0
400,0.01,8,0.00443564915620068,0.00624171111050031,0.0173229454075431,0,0,0
800,0.01,8,0.00180181671343663,0.0033312359729966,0.0012653727031376,0,0,0
1600,0.01,8,0.000135916033010043,0.000674202552732817,0.000631982174597234,0,0,0
3200,0.01,8,9.26617559461858e-05,0.000603372822276539,0.000304670724323303,0,0,0
400,0.05,8,0.00382715679535142,0.00705638679941473,0.00434308273012088,0,0,0
800,0.05,8,0.000998629970736156,0.00345287400315993,0.00107113281799377,0,0,0
1600,0.05,8,3.15913523774869e-05,0.00184698417935673,0.0014233578129675,0,0,0
3200,0.05,8,0.000911933210339621,0.000179142070336266,0.000484405555598623,0,0,0
400,0.1,8,0.00101594163966095,0.00575549900474493,0.0045048365481193,0,0,0
800,0.1,8,0.00200662250941581,0.0010515466017078,0.00233712151205191,0,0,0
1600,0.1,8,0.000518330256778241,0.00103728909580776,0.00143485752922328,0,0,0
3200,0.1,8,0.000252014544466536,0.00163236710841557,0.000455000038877087,0,0,0
400,0.2,8,0.000551852141645793,0.00843178659419849,0.00426245329318229,0,0,0
800,0.2,8,0.00124514632016032,0.00348481543313155,0.00188961424156626,0,0,0
1600,0.2,8,0.00210192798698987,0.00195316257703039,0.000533681319164864,0,0,0
3200,0.2,8,0.000281034094208254,0.00266329619119323,0.000952322712338928,0,0,0
400,0.5,8,0.00367453703944414,0.00629190862584983,0.00658260991289592,0,0,0
800,0.5,8,0.00139705202412731,0.00363904572692095,0.00120643579140278,0,0,0
1600,0.5,8,0.00130801677520066,0.0006009160774644,0.00115788973858376,0,0,0
3200,0.5,8,1.89598635653314e-05,0.00115356327603343,0.000989919396976397,0,0,0
400,0.01,9,0.00301264558090851,0.00569863178248681,0.00113743236095171,0,0,0
800,0.01,9,0.000250843443147663,0.00173601628974545,0.00169021300202156,0,0,0
1600,0.01,9,0.000251273064867322,0.00276862972363046,0.000327935838185676,0,0,0
3200,0.01,9,0.000337687536032389,0.00148312840714625,0.000163842603361886,0,0,0
400,0.05,9,0.00190085398351165,0.00590851864444527,0.00128153521355683,0,0,0
800,0.05,9,0.00204969394534149,0.00541579658155532,0.00398587674254827,0,0,0
1600,0.05,9,0.00157170045840161,0.000421663520977709,0.00129312998694693,0,0,0
3200,0.05,9,0.000526359612866687,0.000129874225756704,0.00022404743029588,0,0,0
400,0.1,9,0.00162035407097644,0.00790005958883409,0.0184250034847026,0,0,0
800,0.1,9,0.00237450490786355,0.000743382418417337,0.00102258555328734,0,0,0
1600,0.1,9,0.00145923315567335,0.0042888370232254,7.93504871708965e-05,0,0,0
3200,0.1,9,0.000259744848790263,0.000432331237615259,0.000991433899021463,0,0,0
400,0.2,9,0.00233660189061834,0.0136649519067932,0.00364054100033752,0,0,0
800,0.2,9,0.0023985324487692,0.00926338711260955,0.00580619841385115,0,0,0
1600,0.2,9,0.00010471057425246,0.0010000504685327,0.00160798824610211,0,0,0
3200,0.2,9,0.000166395241674777,0.00124414717673348,0.000523057876622361,0,0,0
400,0.5,9,0.00482027760083998,0.00570732914217866,0.0063335263710885,0,0,0
800,0.5,9,0.00191999100708593,0.00110123464037159,0.00222107645904817,0,0,0
1600,0.5,9,0.000855705760795697,0.00133059402505395,0.000230724114861926,0,0,0
3200,0.5,9,0.000373115917865162,0.000104806222415704,0.00117373751579493,0,0,0
400,0.01,10,0.000708587520176047,0.0107679987944697,0.00268055527709014,0,0,0
800,0.01,10,0.000386391820805827,0.00521221914043349,0.00279594628787819,0,0,0
1600,0.01,10,0.00067376882063749,0.000605673762511722,0.00238333265565364,0,0,0
3200,0.01,10,0.000177996605697069,0.00146970210488635,0.000689745974170065,0,0,0
400,0.05,10,0.00187064227879765,0.01753640073995,0.00252771384865833,0,0,0
800,0.05,10,0.000737302086417982,0.000183570348272123,0.00261862497535969,0,0,0
1600,0.05,10,0.00139982092038685,0.0014071982828421,0.000693338177598463,0,0,0
3200,0.05,10,0.000374885326495529,0.000964867871480457,0.000450981123407972,0,0,0
400,0.1,10,0.000369278255327839,0.00762747175584655,0.00416832503372853,0,0,0
800,0.1,10,0.000497440501908061,0.00409763295165472,0.00139728088641118,0,0,0
1600,0.1,10,0.000244130391056527,0.000930716909271193,0.000653441478476555,0,0,0
3200,0.1,10,0.000269473068560907,0.000913404956168853,0.000737840190872066,0,0,0
400,0.2,10,0.00238492074776825,0.00308371554136643,0.000657891867852077,0,0,0
800,0.2,10,0.0019868550702886,0.000879561050349181,0.00160710983081654,0,0,0
1600,0.2,10,0.00207604249243932,0.000550417166578202,0.000209156900657218,0,0,0
3200,0.2,10,0.000174021916456495,0.000320840787510363,0.00115323811880025,0,0,0
400,0.5,10,0.00626621850930864,0.0119053353585661,0.00398584432614849,0,0,0
800,0.5,10,0.000512082661380545,0.00438762124594011,0.000224700321105224,0,0,0
1600,0.5,10,0.00126416766339238,0.000762008574473441,0.00334191817656507,0,0,0
3200,0.5,10,0.00101517751706756,0.000871824032896875,0.000113967267313288,0,0,0
400,0.01,11,0.00636178428173645,0.0102634235292555,0.00266307360568753,0,0,0
800,0.01,11,0.00292504193294768,0.00840219765146395,0.000647797565746208,0,0,0
1600,0.01,11,0.000649452848552265,0.00167644676560684,0.00236518851919512,0,0,0
3200,0.01,11,0.000481181998489598,0.000464412742692563,0.000888475437126038,0,0,0
400,0.05,11,0.00391652115045879,0.0112507771922856,0.000632044155464292,0,0,0
800,0.05,11,0.00104179934443099,0.00126188373787541,0.00177582080770623,0,0,0
1600,0.05,11,0.000429499882521942,0.0007778826470268,0.0018566241623985,0,0,0
3200,0.05,11,0.000465036471779072,0.000403988641360582,0.0013959108477539,0,0,0
400,0.1,11,0.00217111838110378,0.00188010406238394,0.0108486351227831,0,0,0
800,0.1,11,0.000815745445420822,0.00550988386340086,0.00258766829928851,0,0,0
1600,0.1,11,0.00176433119400917,0.00129492366778296,0.000970393924513729,0,0,0
3200,0.1,11,6.74371317295148e-06,0.00161522498825896,0.000235263344810365,0,0,0
400,0.2,11,0.00246399512978454,0.0143131284544211,0.0060378989861381,0,0,0
800,0.2,11,0.00196972486074664,0.00536403709476373,0.00185844183218164,0,0,0
1600,0.2,11,0.000250734604714766,0.000786935214402828,0.00091954421737064,0,0,0
3200,0.2,11,0.000387983646098578,0.00112678444515739,0.000610707167662056,0,0,0
400,0.5,11,0.00144934516035729,0.00918213950695914,0.00241940369952056,0,0,0
800,0.5,11,0.00256313806235631,0.000989354741008744,0.0038988163821857,0,0,0
1600,0.5,11,0.000450080209905907,0.00300682422426992,0.000248936785054545,0,0,0
3200,0.5,11,0.000421800835829031,0.000838412308202176,0.00132618536630542,0,0,0
400,0.01,12,0.00486003851813108,0.00706410902800519,0.00167700063527104,0,0,0
800,0.01,12,0.000801685855587624,0.00255245036382248,0.00398530916117017,0,0,0
1600,0.01,12,0.000339964886775726,0.00228925115270238,0.00231600324901351,0,0,0
3200,0.01,12,0.00013846501515711,0.000875284806653104,0.000593664181703284,0,0,0
400,0.05,12,0.00517146803916425,0.0174421342203164,0.00733778904531799,0,0,0
800,0.05,12,0.00184926322000098,0.00549770053074754,0.000208421280044613,0,0,0
1600,0.05,12,0.000683803291926295,0.000922830751837208,0.000597182291251193,0,0,0
3200,0.05,12,0.000585547445722859,0.000398976801044625,0.000177679839432553,0,0,0
400,0.1,12,0.00142204783870613,0.00930234514766772,0.0104231302297468,0,0,0
800,0.1,12,0.00122726297467134,0.00600294212377334,0.00214003218687361,0,0,0
1600,0.1,12,0.000938746902583008,0.00197504725208443,0.000847134233361944,0,0,0
3200,0.1,12,0.000157786238085979,0.000415311744927019,0.000322331749304006,0,0,0
400,0.2,12,0.00089428299717002,0.00992162695235478,0.00803549186719669,0,0,0
800,0.2,12,0.00217304574635398,0.00777043385775314,0.00259218184836717,0,0,0
1600,0.2,12,0.00145469994456846,0.000353318932575376,0.0011661462140437,0,0,0
3200,0.2,12,4.51462188426845e-05,0.000930522706990583,0.000478898146412985,0,0,0
400,0.5,12,0.00218908060323114,0.00214110644187095,0.00351849967384873,0,0,0
800,0.5,12,0.00135218270649025,0.00551668944009572,0.00345655181506331,0,0,0
1600,0.5,12,0.00155668565270144,0.00029867222591617,0.00226356933001588,0,0,0
3200,0.5,12,0.000212639870104295,0.00109625245819706,0.000385222974094755,0,0,0
400,0.01,13,0.00489976328801011,0.00347671914064392,0.00105192103533217,0,0,0
800,0.01,13,0.000641588656600222,0.00223401695488984,0.00286263619608371,0,0,0
1600,0.01,13,0.000962769741953438,0.00163058334564561,0.000673263019468692,0,0,0
3200,0.01,13,0.00015633250177206,0.000594051473956448,0.000335506918532224,0,0,0
400,0.05,13,0.000790213505977508,0.00740185173139709,0.000921420406949271,0,0,0
800,0.05,13,0.00157251042252928,0.00911760313648532,0.000507060372427974,0,0,0
1600,0.05,13,0.000102443559021295,0.00103703109036907,0.00173562061271224,0,0,0
3200,0.05,13,5.36395178742472e-05,0.000669863400517305,0.000601138641731892,0,0,0
400,0.1,13,0.00148313657834386,0.00863184649822336,0.00347512802467807,0,0,0
800,0.1,13,0.00261865360422133,0.00109620077833691,0.00603330514560749,0,0,0
1600,0.1,13,0.00140517737081076,0.00293806960373879,0.000140694214856523,0,0,0
3200,0.1,13,0.000139736138270363,0.000871726383706843,6.14151436040411e-05,0,0,0
400,0.2,13,0.00416223575488075,0.00941390380384972,0.00655353310787787,0,0,0
800,0.2,13,0.00224269046696344,0.0035322167943825,0.00276665800875735,0,0,0
1600,0.2,13,0.000520804901179591,0.000534943593286931,0.00137155001831839,0,0,0
3200,0.2,13,0.000537242699942342,0.000320529141950294,0.000709735959830292,0,0,0
400,0.5,13,0.00791848095722897,0.0102792669839514,0.00523031202754709,0,0,0
800,0.5,13,0.00172503878658637,0.00368775776397349,0.00509397508886123,0,0,0
1600,0.5,13,0.000393243651565695,0.000880557559441545,0.00103172219678986,0,0,0
3200,0.5,13,9.3389046108952e-05,0.00056927293108006,0.000491341497993086,0,0,0
400,0.01,14,0.00408044777465482,0.0106061150884093,0.0139499882732845,0,0,0
800,0.01,14,0.0012496327805126,0.0044382202784168,0.000984300779728723,0,0,0
1600,0.01,14,0.000823289588714807,0.00212697719225348,0.00120191504812847,0,0,0
3200,0.01,14,0.000447827140611278,0.000708923263455086,0.000757796579220925,0,0,0
400,0.05,14,0.00747607056819029,0.00578362500919538,0.00277264561293107,0,0,0
800,0.05,14,0.00177818528565115,0.00304154775488996,0.000219372786121805,0,0,0
1600,0.05,14,0.000392621173724005,0.000594794641631862,0.00330617008516511,0,0,0
3200,0.05,14,0.000402530191099246,0.00154173869810432,0.00050446278923027,0,0,0
400,0.1,14,0.007374180473496,0.00799151829649054,0.00351986706957806,0,0,0
800,0.1,14,0.000837135172077818,0.011841126717323,0.00089998680504562,0,0,0
1600,0.1,14,0.00111613749851753,0.000694078637885789,0.00309737872034216,0,0,0
3200,0.1,14,0.000374365440343738,0.00134257478692203,0.00146400639044406,0,0,0
400,0.2,14,0.00317645597433665,0.0175870183424535,0.00718667813402169,0,0,0
800,0.2,14,0.00238880333332506,0.00312006006103009,0.00377236775646961,0,0,0
1600,0.2,14,0.000316967571093604,0.00132040130430466,0.00284901445228288,0,0,0
3200,0.2,14,0.000593834849950238,0.00130410753906349,0.00124034558032476,0,0,0
400,0.5,14,0.00189360463025541,0.00587850212289841,0.000792641286845385,0,0,0
800,0.5,14,0.00113117518437004,0.0016237102001816,0.000997931543295582,0,0,0
1600,0.5,14,0.00265703544876661,0.000852589551465558,0.00307218430671212,0,0,0
3200,0.5,14,0.00121233694515204,0.000439207753208216,0.00102109699558871,0,0,0
400,0.01,15,0.000775271048249015,0.0102554699493018,0.0068486044443087,0,0,0
800,0.01,15,0.00131818338671089,0.000402808558360586,0.00064320294295706,0,0,0
1600,0.01,15,0.000707293786300297,0.0034695058931382,0.00177528743755491,0,0,0
3200,0.01,15,0.000153027909796762,0.000647488660700214,0.000435523515267129,0,0,0
400,0.05,15,0.00169692891601948,0.0095156608591545,0.000258732215853542,0,0,0
800,0.05,15,0.00295222456292397,0.00521517110647449,0.00167651978526569,0,0,0
1600,0.05,15,0.000644741959087243,0.00128902801096302,0.00393240350634709,0,0,0
3200,0.05,15,0.000451890970604429,0.00105205705980595,0.00027321592596162,0,0,0
400,0.1,15,0.00111690249752402,0.00604617375650306,0.0233685817626326,0,0,0
800,0.1,15,0.00153512010881669,0.00445723219110823,0.00560596873958741,0,0,0
1600,0.1,15,0.00181349332407573,0.00178130780631418,0.000346203162661109,0,0,0
3200,0.1,15,0.000274013751634344,0.000606410865461255,0.000118929270072172,0,0,0
400,0.2,15,0.00298560176778391,0.00437867646071729,0.00663234514505396,0,0,0
800,0.2,15,0.00312833990679929,0.00371459203817632,0.00302809731059225,0,0,0
1600,0.2,15,0.00141362084005587,0.000484794675264628,0.000857287539068554,0,0,0
3200,0.2,15,0.000498919165282755,0.000991449191528894,0.000757459060386536,0,0,0
400,0.5,15,0.00128653947387614,0.00734105895560568,0.00467475173546165,0,0,0
800,0.5,15,0.00066463996145432,0.00315398395647841,0.00147507844608247,0,0,0
1600,0.5,15,0.00106040895785926,0.000632673274120382,0.00242005328556387,0,0,0
3200,0.5,15,0.000612056636837528,0.00050563658400185,7.6257177180974e-05,0,0,0
400,0.01,16,0.00338390254964211,0.00413090042535594,0.0065276605639047,0,0,0
800,0.01,16,0.00341912753201629,0.00224840166086916,0.00366726637011759,0,0,0
1600,0.01,16,0.000346791332370151,0.00251674113398353,0.000789292008058688,0,0,0
3200,0.01,16,0.000187542827882408,0.000256101753779708,0.000391041605782484,0,0,0
400,0.05,16,0.00196777961473866,0.00670430759313993,0.00647221817894009,0,0,0
800,0.05,16,0.00125478042874785,0.00814050998966801,0.00052221395565924,0,0,0
1600,0.05,16,0.000499036852394993,0.00290027613408453,0.00246795783494028,0,0,0
3200,0.05,16,0.000165338865671804,0.000418235146500828,0.000983101589167175,0,0,0
400,0.1,16,0.00243663371739383,0.00328461913162747,0.00748933971741875,0,0,0
800,0.1,16,0.000601471212645923,0.00356221719755459,0.00649784700889601,0,0,0
1600,0.1,16,0.000207471067556697,0.00261672690321105,0.000445569102730682,0,0,0
3200,0.1,16,0.000394696650885494,0.000631783364398105,0.000166960574554555,0,0,0
400,0.2,16,0.00439663658046609,0.00197172952096063,0.0148957219694666,0,0,0
800,0.2,16,0.00286381348991838,0.00363490270280717,0.00090908277369674,0,0,0
1600,0.2,16,0.00117771638702107,0.00162425378868657,0.0020270733233469,0,0,0
3200,0.2,16,5.09032594754661e-05,0.000687893963244237,0.00115703244396127,0,0,0
400,0.5,16,0.0051645987174356,0.00722423897458551,0.008186388095206,0,0,0
800,0.5,16,0.00214361510007758,0.00451519638815012,0.00100360160723267,0,0,0
1600,0.5,16,9.83332562733297e-05,0.000781573494161414,0.00150722697680617,0,0,0
3200,0.5,16,0.000688704611350536,0.00110085469757715,0.000346739819407812,0,0,0
400,0.01,17,0.00181202327063639,0.00410931018067469,0.000119276677164868,0,0,0
800,0.01,17,0.00310571765447603,0.00388574090389534,0.00318866112937711,0,0,0
1600,0.01,17,0.00166836236767289,0.00112195945094531,0.00130439213116938,0,0,0
3200,0.01,17,8.746256401139e-05,0.00157705681819868,0.000522274337525302,0,0,0
400,0.05,17,0.00169403807746401,0.00965400419229836,0.00696599987599079,0,0,0
800,0.05,17,0.000406935954033992,0.00342781347277671,0.00261622410912825,0,0,0
1600,0.05,17,0.000926479714516487,0.00310279592338035,0.0019944731890038,0,0,0
3200,0.05,17,0.000378932449742593,0.000822060855488477,0.000616185835975756,0,0,0
400,0.1,17,0.0063419837984993,0.00648820075952043,0.0044292250791065,0,0,0
800,0.1,17,0.00137162439825698,0.00413867508990867,0.00460768037343287,0,0,0
1600,0.1,17,0.000961910843390445,0.00137186502466924,0.00167191905714956,0,0,0
3200,0.1,17,0.00044033441187766,0.00158302795150609,0.00140766051221753,0,0,0
400,0.2,17,0.00376700568383254,0.0156523328816471,0.00350316598407597,0,0,0
800,0.2,17,0.000357474048014917,0.00190977315587063,0.00277761254505643,0,0,0
1600,0.2,17,0.00130637662899045,0.00124495420459887,0.000565563596104737,0,0,0
3200,0.2,17,0.000340343822133712,0.00215497276916846,0.000494755242383098,0,0,0
400,0.5,17,0.00120902228253004,0.0094545468411333,0.00800990300388444,0,0,0
800,0.5,17,0.00160335465543998,0.000749352567181705,0.00271516928108633,0,0,0
1600,0.5,17,0.000975312782933802,0.000431148932345256,0.00192768362074693,0,0,0
3200,0.5,17,0.000174523451351092,0.00115094862805548,0.000414347468721509,0,0,0
400,0.01,18,0.00358365298841987,0.00462939774982544,0.00401797712809303,0,0,0
800,0.01,18,0.00203660203832831,0.00304347043526995,0.000866052076158762,0,0,0
1600,0.01,18,0.000872675502732445,0.000733692568609957,0.00256423991931269,0,0,0
3200,0.01,18,0.000301803113012274,0.00110610260818526,0.000230997154061425,0,0,0
400,0.05,18,0.00275005750147323,0.00328646032082465,0.00376622674161107,0,0,0
800,0.05,18,0.00203272292938639,0.00381885172813822,0.00552944289328073,0,0,0
1600,0.05,18,0.000604491159623916,0.000123730387168101,0.000619935667603701,0,0,0
3200,0.05,18,0.000111026720198416,0.000171208438784345,0.000723608324524014,0,0,0
400,0.1,18,0.0047390471668319,0.00496609610926862,0.0108453111645276,0,0,0
800,0.1,18,0.00101501459005498,0.00198194338684309,0.000916146426534807,0,0,0
1600,0.1,18,0.00132174341989435,0.00085096663368574,0.00122168924894425,0,0,0
3200,0.1,18,0.000255796780263933,0.000328541218326205,0.000550138855002736,0,0,0
400,0.2,18,0.00350713532459995,0.00223878104563053,0.000757509785946092,0,0,0
800,0.2,18,0.00258606334753488,0.00698494077172801,0.00568686147868838,0,0,0
1600,0.2,18,0.00173996492887108,0.00237439141348179,0.00077625593414618,0,0,0
3200,0.2,18,0.000446755242593416,0.00115292214898453,0.000984706457446345,0,0,0
400,0.5,18,0.00319934206841452,0.00671787792862682,0.00579825519963773,0,0,0
800,0.5,18,0.00113693940413042,0.00220194216489609,0.00413819872232839,0,0,0
1600,0.5,18,0.000832443504278718,0.0010769351447999,0.000739385575807578,0,0,0
3200,0.5,18,0.000236488631496955,0.000303304515885201,0.000430559808600574,0,0,0
400,0.01,19,0.00324906086094656,0.00896771943721529,0.00286403925112301,0,0,0
800,0.01,19,0.00234535094568347,0.00281196603124566,0.00114623260353251,0,0,0
1600,0.01,19,0.000166153773171321,0.00315995880218946,0.000359506452164799,0,0,0
3200,0.01,19,0.00013769740777405,0.000319794169471431,0.000293478686698752,0,0,0
400,0.05,19,0.00873184614079342,0.00358180466239916,0.00186132398247122,0,0,0
800,0.05,19,0.00280756039579432,9.38871785854006e-05,0.0016124199531704,0,0,0
1600,0.05,19,0.00199266809020004,0.00176697262200798,0.00135143806851043,0,0,0
3200,0.05,19,0.000516172354849982,0.000667246047043746,0.000108041907296558,0,0,0
400,0.1,19,0.00339977240598446,0.00320071481457011,0.0106737772617569,0,0,0
800,0.1,19,0.000467105835936461,0.00094951316896326,0.00158543965197266,0,0,0
1600,0.1,19,0.00226811908934747,0.00243010201629251,0.00163266440883088,0,0,0
3200,0.1,19,0.000280529369926304,0.000550588904994124,0.000319310517459673,0,0,0
400,0.2,19,0.00506164316923828,0.00234445071884546,0.00799399044989827,0,0,0
800,0.2,19,0.00385622131883965,0.00521673829969374,0.00633705689756678,0,0,0
1600,0.2,19,0.000509030549401053,0.0010830816485285,0.00131778018856256,0,0,0
3200,0.2,19,0.000144741180402144,0.000787592890370048,0.000223259715861445,0,0,0
400,0.5,19,0.00147156147214568,0.00975839545169287,0.0157664224169985,0,0,0
800,0.5,19,0.00387381923004895,0.00451830384474162,0.00173464228928975,0,0,0
1600,0.5,19,0.000564123259634946,0.00436148923268227,0.00210512177924809,0,0,0
3200,0.5,19,4.26378893459755e-05,0.000265458800683833,0.000217163752433499,0,0,0
400,0.01,20,0.00583766265994071,0.00667910703239456,0.00946970953000352,0,0,0
800,0.01,20,0.000687933322476506,0.00578491867716644,0.000859261109247004,0,0,0
1600,0.01,20,0.00164448949298876,0.000533316733256414,0.00121633023520164,0,0,0
3200,0.01,20,0.000898880208863916,0.00103932656991725,0.000316557788395295,0,0,0
400,0.05,20,0.00644265432882026,0.00368622873827012,0.00260758006070314,0,0,0
800,0.05,20,0.000517001853122124,0.00619361542663698,0.00572445111831934,0,0,0
1600,0.05,20,0.000425374371182148,0.00122969658759538,0.000500664025682228,0,0,0
3200,0.05,20,2.56972127167852e-05,0.000658667986236271,0.000216959699524643,0,0,0
400,0.1,20,0.00335050986469957,0.00871008450303262,0.0061440301936451,0,0,0
800,0.1,20,0.00124044033588145,0.00207062664064971,0.000986422515032738,0,0,0
1600,0.1,20,0.000215086029324155,0.00149961516646964,0.00198011359061898,0,0,0
3200,0.1,20,0.000318484416396982,0.000783546180330246,0.000244667207348959,0,0,0
400,0.2,20,0.00244225994848329,0.0115876731037606,0.00139272665329109,0,0,0
800,0.2,20,0.00353876282988974,0.00230663943389233,0.0039832006701294,0,0,0
1600,0.2,20,0.000353320464162041,0.00419887453208594,0.00047280108659024,0,0,0
3200,0.2,20,0.000300992130518059,0.000295654729809215,0.000561067444198303,0,0,0
400,0.5,20,0.00768476387435662,0.00502850992720362,0.00694057309815235,0,0,0
800,0.5,20,0.00223928832271099,0.00850861659744998,0.00190675308507842,0,0,0
1600,0.5,20,0.00126950917593252,0.00203929604215578,0.000898218069123972,0,0,0
3200,0.5,20,9.75109312744675e-05,0.000546081977434547,0.00166322956348069,0,0,0
400,0.01,21,0.000454516468056619,0.00839355315801191,0.00649942230038257,0,0,0
800,0.01,21,0.000670503168006977,0.00211407014429363,0.00219280891558653,0,0,0
1600,0.01,21,0.00103643859138453,0.00108130488260268,0.00149736500388855,0,0,0
3200,0.01,21,0.000254078597918678,0.00182626990669207,0.00073881265661983,0,0,0
400,0.05,21,0.00688655061955706,0.0102602236854472,0.00752117818004316,0,0,0
800,0.05,21,0.000443992870554952,0.00121004386728324,0.000889195010492995,0,0,0
1600,0.05,21,0.000428905978058215,0.00234108533641906,0.000233758862349864,0,0,0
3200,0.05,21,0.000539444013727883,0.000623764168608716,0.000483247968897513,0,0,0
400,0.1,21,0.000636458041403369,0.00330399678142368,0.00869286671606645,0,0,0
800,0.1,21,0.000211742717829402,0.000845210693846823,0.000644483451092386,0,0,0
1600,0.1,21,0.000436204303055768,0.000563878850685999,0.000738503545161237,0,0,0
3200,0.1,21,0.000157459313414946,0.000402010572297471,0.000700491246567736,0,0,0
400,0.2,21,0.00447373766971484,0.0203947675502142,0.000807685749258455,0,0,0
800,0.2,21,0.0024463665666237,0.00754604362885041,0.000896409697022539,0,0,0
1600,0.2,21,0.000881492864178485,0.00457245259765873,0.000712492479324405,0,0,0
3200,0.2,21,0.000522362981372571,0.000723363488853315,0.000772153171077895,0,0,0
400,0.5,21,0.00282734868008844,0.00416286229020256,0.00682310541007291,0,0,0
800,0.5,21,0.00549411783173707,0.00283690247999075,0.000942323551803429,0,0,0
1600,0.5,21,0.00237580956948915,0.00140306137962972,0.00304785684769538,0,0,0
3200,0.5,21,0.000167735558172763,0.00027030859308056,0.000408157651321083,0,0,0
400,0.01,22,0.0114154430273142,0.00286558320234615,0.00445473064027095,0,0,0
800,0.01,22,0.000701358116680025,0.0015493544135551,0.00338680617893793,0,0,0
1600,0.01,22,0.000502512289008576,0.00380128147590337,0.000358274686066139,0,0,0
3200,0.01,22,0.000474776801249871,0.000228953215969059,0.000393864523924659,0,0,0
400,0.05,22,0.00481729640727659,0.000598455811845341,0.00733575970151038,0,0,0
800,0.05,22,0.00155395381580238,0.00272356510178487,0.00502191405574324,0,0,0
1600,0.05,22,0.000755203503896142,0.00340709285775001,0.00084102309952271,0,0,0
3200,0.05,22,4.28610974627242e-05,0.000900540999119776,0.0014930840646856,0,0,0
400,0.1,22,0.000267421104097133,0.00598132954276714,0.0105397080366827,0,0,0
800,0.1,22,0.00196268456458408,0.00298011870946517,0.00118303455188017,0,0,0
1600,0.1,22,0.000332260951287796,0.00146351047457234,0.000240549625271019,0,0,0
3200,0.1,22,0.000316162430751013,0.000424769495966182,0.000477247338901855,0,0,0
400,0.2,22,0.00413749868053384,0.000454193979933031,0.00220457392104287,0,0,0
800,0.2,22,0.00408116443426112,0.00233819633900143,0.00176147122103845,0,0,0
1600,0.2,22,0.000668286529034812,0.00287772288535068,0.000436559292283395,0,0,0
3200,0.2,22,0.000290891979550782,0.000480038154536384,0.000418234836128759,0,0,0
400,0.5,22,0.00834677624881334,0.00530035664400376,0.0155658782075435,0,0,0
800,0.5,22,0.000503725574792318,0.00322306987244435,0.000523917674893081,0,0,0
1600,0.5,22,0.000570254904546919,0.00138125427481754,0.00114213362344833,0,0,0
3200,0.5,22,0.000707518333736903,0.000789019921637913,0.000784687282154928,0,0,0
400,0.01,23,0.00245523756569894,0.00349846334412642,0.00413295515697622,0,0,0
800,0.01,23,0.00147277730332196,0.0022735728858652,0.00249210940674996,0,0,0
1600,0.01,23,0.00189850445170849,0.00183206798577321,0.00100591699253214,0,0,0
3200,0.01,23,9.77583074516827e-05,0.000509114894392808,0.000416992429195631,0,0,0
400,0.05,23,0.0027929223400985,0.00634500154910261,0.00510038456875785,0,0,0
800,0.05,23,0.000191219677816334,0.00319814360388563,0.00124274459628469,0,0,0
1600,0.05,23,0.000347437613494236,0.00455216772455956,0.000836809056796747,0,0,0
3200,0.05,23,0.000119434036951744,0.00126750441214671,0.00129411065936672,0,0,0
400,0.1,23,0.00713311569925076,0.00478431634471616,0.00215409341657135,0,0,0
800,0.1,23,0.00156848829306604,0.00246429183804503,0.00557187629507739,0,0,0
1600,0.1,23,0.000468552395946857,0.000491905226732378,0.000894831824743445,0,0,0
3200,0.1,23,0.000119002187865762,0.000650366116045073,0.000370505511431847,0,0,0
400,0.2,23,0.00226299893021951,0.00523208173116514,0.00627199708409116,0,0,0
800,0.2,23,0.00166857995286264,0.00497922640731935,0.00310310623955582,0,0,0
1600,0.2,23,0.000883159460886584,0.00426506914962283,0.000745221499915668,0,0,0
3200,0.2,23,0.00066267713097417,0.000322098829160523,0.000141742081188797,0,0,0
400,0.5,23,0.00327324254416748,0.00196160293802164,0.00102117137681855,0,0,0
800,0.5,23,0.0032567333773953,0.0028630534976348,0.00900085779772749,0,0,0
1600,0.5,23,0.00027203532347483,0.00186912219190723,0.000815426214166646,0,0,0
3200,0.5,23,0.000337850876545837,0.000182370322996059,0.000595202460461854,0,0,0
400,0.01,24,0.000879947452319319,0.00182622616572513,0.00462412600997891,0,0,0
800,0.01,24,0.000282397143237175,0.000690360736969921,0.00142547954200964,0,0,0
1600,0.01,24,0.00174381630262476,0.000156618924740918,0.000621190007302759,0,0,0
3200,0.01,24,0.000243232997870447,0.00141070821421154,0.000688620350590469,0,0,0
400,0.05,24,0.0052090765811939,0.00531496537487007,0.00644968924788988,0,0,0
800,0.05,24,0.00156044737452917,0.00288035522123039,0.00621121670929522,0,0,0
1600,0.05,24,0.00110377813878033,0.00186914241372232,0.00123891779443615,0,0,0
3200,0.05,24,0.000331347138196114,0.00180199460423093,0.000732262172876887,0,0,0
400,0.1,24,0.00582324231156233,0.00722851560066922,0.00222348490831132,0,0,0
800,0.1,24,0.00166773677750955,0.0173509669942145,0.000263552268075672,0,0,0
1600,0.1,24,0.000577534040803745,0.00225054343157368,0.000115861490144924,0,0,0
3200,0.1,24,8.73123572388495e-05,0.00210569367986844,0.000754440670785583,0,0,0
400,0.2,24,0.0031034346375192,0.00692526372846234,0.0063291496932329,0,0,0
800,0.2,24,0.00128353811747963,0.00139229525158651,0.00558874144617112,0,0,0
1600,0.2,24,0.000491566790246158,0.00197997237015495,0.00143936472079999,0,0,0
3200,0.2,24,0.00110488164669868,0.000267222160495825,0.000168132996777687,0,0,0
400,0.5,24,0.00147311915585852,0.00581867553272285,0.000749858095267956,0,0,0
800,0.5,24,0.00355633271934862,0.00140750969647158,0.00366858415522308,0,0,0
1600,0.5,24,0.000832758269464602,0.00229552721758431,0.000367271287672265,0,0,0
3200,0.5,24,0.000776933366362312,0.00135765036105161,0.000705960044187227,0,0,0
400,0.01,25,0.00218244317396231,0.0034275657558298,0.00248446372930064,0,0,0
800,0.01,25,0.00097729281031774,0.000845805007594932,0.000294874072641568,0,0,0
1600,0.01,25,8.08185783298416e-05,0.00316955810616609,0.00115744922783358,0,0,0
3200,0.01,25,0.000474154705814216,0.000539539340265881,7.5489068242234e-05,0,0,0
400,0.05,25,0.00619744896405485,0.00979809114595378,0.00311259463991854,0,0,0
800,0.05,25,0.00225220602259382,0.00243986027511046,0.00190099607325652,0,0,0
1600,0.05,25,0.00148728055976719,0.000214951638638541,0.000270435481031541,0,0,0
3200,0.05,25,0.000161720806949391,0.000417915953184204,0.000515575844969607,0,0,0
400,0.1,25,0.00422706114204159,0.00362423417944758,0.00361573914228199,0,0,0
800,0.1,25,0.000252533477484449,0.00919661329892906,0.0027337677978414,0,0,0
1600,0.1,25,3.7180531725875e-05,0.00124970621501229,0.000934591283406931,0,0,0
3200,0.1,25,0.000291088454208657,0.000422075330419939,0.00114272920652169,0,0,0
400,0.2,25,0.00189909518873304,0.0108747102786856,0.00282349906442859,0,0,0
800,0.2,25,0.00239404213345423,0.00372753929273688,0.00189539504175284,0,0,0
1600,0.2,25,0.000221894831840031,0.000559077988656267,0.000909858663558824,0,0,0
3200,0.2,25,0.000384188483351677,0.000760690574045065,7.9432685064491e-05,0,0,0
400,0.5,25,0.0028555478789477,0.00961093750000001,0.00445588055146175,0,0,0
800,0.5,25,0.00178872080009696,0.00578662971184262,0.00190880934249852,0,0,0
1600,0.5,25,0.00102532244909147,0.00309098681353238,0.000397367771532228,0,0,0
3200,0.5,25,0.00063921963652593,0.00056877964337479,0.000549862363878781,0,0,0
400,0.01,26,0.00151585269677957,0.00210862531870565,0.000707774561359456,0,0,0
800,0.01,26,0.000553545379173313,0.00123551028735054,0.000541473646249416,0,0,0
1600,0.01,26,1.75533887967864e-05,0.000837220897825916,0.00179392944211609,0,0,0
3200,0.01,26,0.000476730791938967,0.00055915226361226,0.00040564630208538,0,0,0
400,0.05,26,0.00369719266786515,0.00242650816082733,0.00944427409001495,0,0,0
800,0.05,26,0.00155052537628338,0.00158436078359191,0.000717862257315601,0,0,0
1600,0.05,26,0.000377552299538145,0.00186929724103181,0.00259494822518243,0,0,0
3200,0.05,26,0.000148258633464157,0.000469289101695363,0.000515708852696695,0,0,0
400,0.1,26,0.000487778950162131,0.00588671958140071,0.00713997053950085,0,0,0
800,0.1,26,0.000461243672358987,0.00343292217209104,0.000429696571355778,0,0,0
1600,0.1,26,0.0009475602567889,0.000422175093739726,0.00101853056705732,0,0,0
3200,0.1,26,0.000144027151133745,0.00114940866651605,0.000181655443878917,0,0,0
400,0.2,26,0.00173322826273193,0.00503417541163487,0.0062159498054378,0,0,0
800,0.2,26,0.000607731190556394,0.00375046414274141,0.00365035541138387,0,0,0
1600,0.2,26,0.00112234201020277,0.0027592874657562,0.000422790415047386,0,0,0
3200,0.2,26,0.000160074894985591,0.000632924939088667,0.000514488254815631,0,0,0
400,0.5,26,0.00270942320675472,0.00418752798374959,0.00496967886137135,0,0,0
800,0.5,26,0.00260501068385281,0.00585882788320612,0.000110524631154327,0,0,0
1600,0.5,26,0.00136734581334236,0.00182817132187045,0.000531910265212888,0,0,0
3200,0.5,26,0.000427800369420179,0.00045504550376179,0.000171593878728276,0,0,0
400,0.01,27,0.00144671856086565,0.00947508399644921,0.00123860633494672,0,0,0
800,0.01,27,0.00148094029033168,0.00324995058881596,0.003801767448496,0,0,0
1600,0.01,27,0.000273600070297691,0.00141181365905878,0.0044753590654269,0,0,0
3200,0.01,27,0.000494041199561574,0.00137357579006887,6.97958936618122e-05,0,0,0
400,0.05,27,0.00094480862105726,0.0104881612262388,0.000822193236047719,0,0,0
800,0.05,27,0.00433414950265535,0.00124582885530122,0.00319624845062704,0,0,0
1600,0.05,27,0.00095007671990654,0.0023991892326457,0.00156916218603714,0,0,0
3200,0.05,27,8.0215809893793e-05,0.000192597518025544,0.000258983569814129,0,0,0
400,0.1,27,0.00830382313380886,0.00329579852841855,0.00974349651968883,0,0,0
800,0.1,27,0.000530279249262683,0.00448877611616987,0.0021227446251515,0,0,0
1600,0.1,27,0.00211865948581568,0.00585676541133447,0.0050455608757623,0,0,0
3200,0.1,27,0.000353901807837275,0.000652084127154621,0.000233192223673774,0,0,0
400,0.2,27,0.00261444731971099,0.00410996769637233,0.0114000243051156,0,0,0
800,0.2,27,0.00150994609012432,0.00260046135947195,0.00398874463373055,0,0,0
1600,0.2,27,0.000418362986333356,0.00102753171357681,0.000420888427724899,0,0,0
3200,0.2,27,0.00044429744953302,0.000863998965559324,0.000678938766514575,0,0,0
400,0.5,27,0.00608202328964923,0.0116132362052089,0.00993281968345774,0,0,0
800,0.5,27,0.000835670862244868,0.00414940604279777,0.000420899672532256,0,0,0
1600,0.5,27,0.000446653763080476,0.00216417599887496,0.00162368619247684,0,0,0
3200,0.5,27,0.000244827575089484,0.000685241122148079,0.000487175946043881,0,0,0
400,0.01,28,0.00294676154801065,0.00327111463070747,0.00354901391236187,0,0,0
800,0.01,28,0.00266758036194896,0.00325412178204694,0.00116390551010643,0,0,0
1600,0.01,28,0.0010958855661004,0.00195476723724492,0.00104319783023319,0,0,0
3200,0.01,28,0.000241095736814647,0.00099338377963078,0.000641638820537555,0,0,0
400,0.05,28,0.00153215951787597,0.00971297695841471,0.0076512832959476,0,0,0
800,0.05,28,0.000873345582650754,0.00211212901890504,0.00495307996561344,0,0,0
1600,0.05,28,0.000774217376303951,0.00102980885126714,0.00122688161525659,0,0,0
3200,0.05,28,0.000286110114613919,0.000353822944896915,0.000102498866270697,0,0,0
400,0.1,28,0.00225475210098356,0.00643249898747556,0.003347653378943,0,0,0
800,0.1,28,0.00280082066303563,0.006590743785224,0.0015963337248196,0,0,0
1600,0.1,28,0.00172849235866409,0.00316709664780733,0.000932509425065582,0,0,0
3200,0.1,28,0.000411961604860949,0.000666727754085533,0.000113789637922062,0,0,0
400,0.2,28,0.00168796369489265,0.000845256059704669,0.00271430930196489,0,0,0
800,0.2,28,0.00516634070536968,0.00861544535091969,0.000618397762523616,0,0,0
1600,0.2,28,0.00119734519626284,0.00324118930695162,0.000319729347272863,0,0,0
3200,0.2,28,0.000318875171475606,0.000433028627714945,0.000123096856301469,0,0,0
400,0.5,28,0.00286191339270688,0.00746301637578541,0.00889785308649352,0,0,0
800,0.5,28,0.00416479350381101,0.0030018998305756,0.002495447815676,0,0,0
1600,0.5,28,0.000384017420293651,0.0011084663925253,0.00103761575137038,0,0,0
3200,0.5,28,0.000410350647793116,0.000844472309605317,0.000205359812424585,0,0,0
400,0.01,29,0.00147350758656343,0.00171845309163808,0.0090077350735578,0,0,0
800,0.01,29,0.000172463277741522,0.000900253174194793,0.000779596358377144,0,0,0
1600,0.01,29,0.000155188662755871,0.000874338160716995,0.000144736077444256,0,0,0
3200,0.01,29,6.79979729509853e-05,0.000204035823578936,0.000798720602762294,0,0,0
400,0.05,29,0.00355929530030185,0.00246263209157256,0.00713532859005534,0,0,0
800,0.05,29,0.00166359131620571,0.000954249537875952,0.00239167297854917,0,0,0
1600,0.05,29,0.00114603331811652,0.00328812941735867,0.0016134958515718,0,0,0
3200,0.05,29,0.00104164549110908,0.000860512419139662,0.00020315429398193,0,0,0
400,0.1,29,0.00275002100709465,0.00711085043642274,0.00231930267686441,0,0,0
800,0.1,29,0.000524920773561017,0.00177883326508503,0.00223300830505945,0,0,0
1600,0.1,29,0.000929951185252066,0.000315269046140099,0.00143120753718975,0,0,0
3200,0.1,29,0.000334226600612167,0.000860071491384971,0.000807720843258228,0,0,0
400,0.2,29,0.00327699454760291,0.0036748287121582,0.00518627332992832,0,0,0
800,0.2,29,0.000865947344816233,0.00157047438480159,0.000578775994852638,0,0,0
1600,0.2,29,0.0006768266895116,0.00108596594886604,0.00894818210327215,0,0,0
3200,0.2,29,8.77374713375377e-05,0.000330105961428655,0.000438440027167644,0,0,0
400,0.5,29,0.00727807248134348,0.00306619499283505,0.0123552795969468,0,0,0
800,0.5,29,0.00200881908713951,0.00161667355444351,0.00297968480410626,0,0,0
1600,0.5,29,0.000601401614578031,0.00345342707703972,0.000520031297149989,0,0,0
3200,0.5,29,0.000106794095669878,0.000836869395115092,0.000795269790383317,0,0,0
400,0.01,30,0.00219024514138998,0.00933547095382965,0.00157431203391816,0,0,0
800,0.01,30,0.00121629906875833,0.00101172218189485,0.00336162870323213,0,0,0
1600,0.01,30,0.000949958043322204,0.000716800641038874,0.000624941500002924,0,0,0
3200,0.01,30,0.000519994676894325,0.000805895631773085,0.000305275935443081,0,0,0
400,0.05,30,0.00650149191421384,0.00241945899714393,0.0021515340398508,0,0,0
800,0.05,30,0.00378949929427017,0.00356612765906063,0.000932589676185044,0,0,0
1600,0.05,30,0.000935302884251214,0.0013230407988036,0.00101232230495017,0,0,0
3200,0.05,30,0.000245473861417985,0.00129024987695627,0.000738099214852722,0,0,0
400,0.1,30,0.00430306059705849,0.00592322631140698,0.0017411672200607,0,0,0
800,0.1,30,0.000732561460904339,0.00458038266078862,0.00072262246758286,0,0,0
1600,0.1,30,0.00204978887003805,0.00063890179390325,0.00292444799963734,0,0,0
3200,0.1,30,0.000153174376335,0.000584437702766844,0.000198368782670977,0,0,0
400,0.2,30,0.00171616380134931,0.00374268330198592,0.00100139876627436,0,0,0
800,0.2,30,0.00189996374869432,0.00073647343087768,0.000695072350780193,0,0,0
1600,0.2,30,0.000981548500969625,0.00239011636370152,0.00174838626692783,0,0,0
3200,0.2,30,0.00101129098929363,0.000397173336052628,0.000247641108009653,0,0,0
400,0.5,30,0.00458067800947558,0.01413421289444,0.00850067471481319,0,0,0
800,0.5,30,0.00371936882860777,0.00161192174761625,0.00108297914857062,0,0,0
1600,0.5,30,0.000576047691487765,0.00147568531534635,0.0033672929393968,0,0,0
3200,0.5,30,4.29139968382744e-05,0.00248754048895184,0.000199801443401925,0,0,0
400,0.01,31,0.00203802923975887,0.00512143498691594,0.00118088378351252,0,0,0
800,0.01,31,0.0015247625770728,0.00578383798845723,0.00317080224505516,0,0,0
1600,0.01,31,0.000386493583446107,0.000393931683833365,0.000428437318733816,0,0,0
3200,0.01,31,0.000271934911190106,0.000490616189977034,0.000929194425607593,0,0,0
400,0.05,31,0.00179596087273415,0.00427499989066657,0.00460417477163093,0,0,0
800,0.05,31,0.00146023289954655,0.00254630056486019,0.00275305829181152,0,0,0
1600,0.05,31,0.000556622063387776,0.00422086261559727,0.000946187431740237,0,0,0
3200,0.05,31,0.000362615510264313,0.00032346159200672,0.000793894513851231,0,0,0
400,0.1,31,0.00155780886560342,0.00750856106751111,0.00115185287791326,0,0,0
800,0.1,31,0.000460406337392484,0.0033305439049972,0.00111881992760292,0,0,0
1600,0.1,31,0.0006944286079271,0.00346128428749354,0.00062950765416468,0,0,0
3200,0.1,31,0.000108051868424223,0.000126268194960256,0.00176488681034068,0,0,0
400,0.2,31,0.000506790463549031,0.00551016902146076,0.0049740047368591,0,0,0
800,0.2,31,0.00246316723837973,0.00115181692296355,0.00147436599769862,0,0,0
1600,0.2,31,0.00154220794683429,0.000356400676856695,0.00241483730308596,0,0,0
3200,0.2,31,0.000503868436021747,0.000765308257728667,0.000371432335709089,0,0,0
400,0.5,31,0.00540557746654353,0.00355985206718725,0.00835787357334228,0,0,0
800,0.5,31,0.000435876254757179,0.00115198845643475,0.000508496820507404,0,0,0
1600,0.5,31,0.000742428762900844,0.000767462990768646,0.00331362196762373,0,0,0
3200,0.5,31,0.000155570462692845,0.000377493387404251,7.54110535677482e-05,0,0,0
400,0.01,32,0.00439804552313697,0.0058078885211872,0.00213554810394433,0,0,0
800,0.01,32,0.00141483269397117,0.00283009959838374,0.00147856615532717,0,0,0
1600,0.01,32,0.000909306209518576,0.00224869256606478,0.00376721881889787,0,0,0
3200,0.01,32,0.00025555988762061,0.00088246406238148,0.00011493906205155,0,0,0
400,0.05,32,0.0031532331144952,0.00606438723179445,0.00195979236756813,0,0,0
800,0.05,32,0.00170024702159522,0.00661980053973473,0.00220973296446837,0,0,0
1600,0.05,32,0.00139799842262341,0.000368948987991591,0.00117736947236878,0,0,0
3200,0.05,32,0.000312420229672081,0.000533026968539801,0.000765946943110017,0,0,0
400,0.1,32,0.000888967049151998,0.0022261475592418,0.00538641212810945,0,0,0
800,0.1,32,0.00147220676711508,0.00349121635915333,0.00221709303590102,0,0,0
1600,0.1,32,8.48507255603155e-05,0.00112878355256279,0.000324332607892402,0,0,0
3200,0.1,32,0.000771849290109379,0.000380397078433939,0.000374719061482026,0,0,0
400,0.2,32,0.00737958679492192,0.0076819999083267,0.00137016309196078,0,0,0
800,0.2,32,0.00103487858544884,0.00345321814316254,0.00206541231352154,0,0,0
1600,0.2,32,0.000385818564195992,0.00244460141378568,0.000424975930489909,0,0,0
3200,0.2,32,0.000201924872720363,0.000542618363449543,0.000733175576392743,0,0,0
400,0.5,32,0.00161469411591034,0.00723921813862499,0.005495046871574,0,0,0
800,0.5,32,0.00212045488674905,0.0137363871427817,0.00265009900611576,0,0,0
1600,0.5,32,0.00149900523731327,0.00139437864339289,0.000305660433103537,0,0,0
3200,0.5,32,0.000335979416352847,0.000433825622502727,0.000203588714131013,0,0,0
400,0.01,33,0.000710791584970926,0.00311128854805179,0.0126600368942006,0,0,0
800,0.01,33,0.00137829269260922,0.00310116478812764,0.00189097972910511,0,0,0
1600,0.01,33,0.00102572475559521,0.00163362057964799,0.00133992983434028,0,0,0
3200,0.01,33,0.000117097150386494,0.000274786120340273,0.00097403792207843,0,0,0
400,0.05,33,0.00138195252172428,0.0107665379753992,0.0016939278867481,0,0,0
800,0.05,33,0.00022169178202352,0.00197029378481658,0.00035536528637606,0,0,0
1600,0.05,33,0.000376653853177441,0.000928671777330694,0.00132679475705827,0,0,0
3200,0.05,33,0.000591531580855551,0.000903995825894365,0.00062198078925918,0,0,0
400,0.1,33,0.00386035522655591,0.00285236116759793,0.0038136447342872,0,0,0
800,0.1,33,0.00215279372412002,0.00324555195464068,0.000867322391146085,0,0,0
1600,0.1,33,0.000759437211256873,0.000709743767358594,0.000601191714557743,0,0,0
3200,0.1,33,0.000418221973550903,0.00127946157085718,0.000376365658014021,0,0,0
400,0.2,33,0.00285746244064558,0.00180967865319003,0.00518364126065396,0,0,0
800,0.2,33,0.00572231252296599,0.00364448742737392,0.00230902794303441,0,0,0
1600,0.2,33,0.000730338054697839,0.00161237499515188,0.000849301264071718,0,0,0
3200,0.2,33,0.000355967811464653,0.00174839059885934,0.000116218746676682,0,0,0
400,0.5,33,0.00354448452478282,0.00823319774401283,0.00756124359460014,0,0,0
800,0.5,33,0.00314076734927669,0.00308661028811914,0.00125363032001517,0,0,0
1600,0.5,33,0.000838826243851942,0.0045831095505983,0.000387961408596426,0,0,0
3200,0.5,33,0.000453702069836532,0.000766444470323225,0.000915989302947949,0,0,0
400,0.01,34,0.000853077313839038,0.00230167791213979,0.00172260563996473,0,0,0
800,0.01,34,0.0017993624041273,0.00467548496912406,0.002679884858665,0,0,0
1600,0.01,34,0.00043486755517399,0.000474924017818473,0.000761982504531434,0,0,0
3200,0.01,34,0.000272173764400936,0.00069128122370826,0.000593914179064993,0,0,0
400,0.05,34,0.00163176334929911,0.00619950061939272,0.00274152771038866,0,0,0
800,0.05,34,0.000797397626085399,0.00434369203577901,0.00126751186838645,0,0,0
1600,0.05,34,0.00056285388697925,0.00236806641295053,0.00179880866367683,0,0,0
3200,0.05,34,0.00103047709265014,0.00143531981629996,0.000523379455777377,0,0,0
400,0.1,34,0.000709527919558319,0.0103321448496066,0.00362209341756117,0,0,0
800,0.1,34,0.00220223920065162,0.00516383013095473,0.00184242282902718,0,0,0
1600,0.1,34,0.000792184456703013,0.00314510789332721,0.00114429399969497,0,0,0
3200,0.1,34,0.000470758833313577,0.000423716082806853,0.00166348690504296,0,0,0
400,0.2,34,0.0033676679052216,0.0115222177323649,0.00523641855673436,0,0,0
800,0.2,34,0.000216423068627386,0.00520487202316736,0.00297488732254861,0,0,0
1600,0.2,34,0.00093700107483834,0.000707861930895322,0.000890315873507777,0,0,0
3200,0.2,34,0.000551521413113688,0.000647681690593255,0.00107944237274171,0,0,0
400,0.5,34,0.00787762839759697,0.0194723564342193,0.00433742725374117,0,0,0
800,0.5,34,0.00254257330160593,0.00401486597264399,0.00373166618761802,0,0,0
1600,0.5,34,0.000173022107923354,0.000490738599698896,0.000725087132015924,0,0,0
3200,0.5,34,0.000898739810742995,0.000991389351465875,0.000351602626507557,0,0,0
400,0.01,35,0.000963283492498621,0.00568993044028795,0.00717870856780504,0,0,0
800,0.01,35,0.000989188148871371,0.00502199100583784,0.00152368910388164,0,0,0
1600,0.01,35,0.000850029564591911,0.00203228440099468,0.000928735999686795,0,0,0
3200,0.01,35,7.3744329465912e-05,0.00160036930431957,0.00110073075533384,0,0,0
400,0.05,35,0.00179601015870125,0.0020241064285604,0.00506760114852358,0,0,0
800,0.05,35,0.00278458078099289,0.00232680447435373,8.24842670167362e-05,0,0,0
1600,0.05,35,0.000276528218571521,0.00137073021775412,0.000194696516834352,0,0,0
3200,0.05,35,0.000269256609168828,0.00111149821412497,0.000727720408597222,0,0,0
400,0.1,35,0.00287457265567459,0.0100795179527558,0.00412453418692398,0,0,0
800,0.1,35,0.00184948697606146,0.00236263472929891,0.00992084449538949,0,0,0
1600,0.1,35,0.000436533479661289,0.000811424993448236,0.000173314005582147,0,0,0
3200,0.1,35,8.16531544523299e-05,0.000318547366115999,0.000473848850342179,0,0,0
400,0.2,35,0.00137387365857938,0.00824636257606794,0.00701970070741532,0,0,0
800,0.2,35,0.000551612898469811,0.0031269412398119,0.00437739003786904,0,0,0
1600,0.2,35,0.00130347455221847,0.00305715543614213,0.000739268579881526,0,0,0
3200,0.2,35,0.000365291859838976,0.000134587529287596,0.000638921641501486,0,0,0
400,0.5,35,0.00118264434361838,0.00313060390039512,0.00359709295576405,0,0,0
800,0.5,35,0.00122943713177116,0.00533518761915752,0.000321624373188949,0,0,0
1600,0.5,35,0.000323226307217472,0.00370180106488086,0.000377757503887794,0,0,0
3200,0.5,35,0.000516981489142547,0.0010251836481187,0.00101266372041713,0,0,0
400,0.01,36,0.00149410766127101,0.00116686631530971,0.00355039169077225,0,0,0
800,0.01,36,0.000498773789493902,0.0032242732171101,0.00234782440393312,0,0,0
1600,0.01,36,0.000372372625266523,0.00241121126300926,0.00215813639639223,0,0,0
3200,0.01,36,0.000573293193792328,0.000230972609468065,0.000545602687044867,0,0,0
400,0.05,36,0.00224487233821532,0.00633928536390591,0.00105295623676016,0,0,0
800,0.05,36,0.0026534101339381,0.00222450010295447,0.00028387447106973,0,0,0
1600,0.05,36,0.000973731241204572,0.00158238249400228,0.000371368986539935,0,0,0
3200,0.05,36,0.000316673976800744,0.000874318820262118,0.00037747290153723,0,0,0
400,0.1,36,0.00356777570095669,0.00229280581990076,0.00259462453727162,0,0,0
800,0.1,36,0.000198403156754585,0.00148748241355467,0.00239291682791644,0,0,0
1600,0.1,36,0.00054089140527983,0.00232256448484887,0.00163473670775118,0,0,0
3200,0.1,36,0.000201072084740614,0.000391616918850772,0.000494783838139289,0,0,0
400,0.2,36,0.00238527906936755,0.00197252936586835,0.000584930446871811,0,0,0
800,0.2,36,0.00214707099276895,0.00214113996718755,0.00228899805675423,0,0,0
1600,0.2,36,0.000822300127226107,0.00377909752094739,0.00325964598613101,0,0,0
3200,0.2,36,2.62285877621736e-05,0.00133369867503736,9.07457533198544e-05,0,0,0
400,0.5,36,0.0015976258000682,0.00796427265104501,0.00810823054720192,0,0,0
800,0.5,36,0.0016956192706866,0.00595582876777851,0.00417592152610665,0,0,0
1600,0.5,36,0.0018997607221466,0.000508886886862669,0.000729702486394684,0,0,0
3200,0.5,36,0.000434537896278755,0.000627681123205169,0.00143672030995672,0,0,0
400,0.01,37,0.00130273076768896,0.007591494522272,0.00338143270821246,0,0,0
800,0.01,37,0.00114226337627759,0.00638305616924161,0.0073423384170564,0,0,0
1600,0.01,37,0.00025396653698574,0.000269476541388526,0.000202240106637692,0,0,0
3200,0.01,37,0.000404402886902222,0.000100942548778364,0.000402513622059386,0,0,0
400,0.05,37,0.00368734118513754,0.00486708400211513,0.00279809573945604,0,0,0
800,0.05,37,0.00170762917424079,0.00130648799840577,0.00119679741157141,0,0,0
1600,0.05,37,0.000643009904890225,0.00146301267097678,0.00151417721403571,0,0,0
3200,0.05,37,0.000292753740431741,0.00124279323950751,0.000366308949065813,0,0,0
400,0.1,37,0.00323150704405559,0.00850888267791284,0.011190935780922,0,0,0
800,0.1,37,0.00207243489426556,0.00262490435658059,0.00405989959877816,0,0,0
1600,0.1,37,0.000408034837152326,0.00141348784316222,0.000637546911412457,0,0,0
3200,0.1,37,0.000363343199420507,0.000547526281488991,0.000390977080786772,0,0,0
400,0.2,37,0.00975977186048402,0.00452568121605918,0.00401571440577672,0,0,0
800,0.2,37,0.00234926804166242,0.00326442613340733,0.000921967664201139,0,0,0
1600,0.2,37,0.000252072208674266,0.000335417648544493,0.00244778660895287,0,0,0
3200,0.2,37,0.00056352773691294,0.00353569946967682,0.000562250869145874,0,0,0
400,0.5,37,0.00380141545650945,0.00606765212333973,0.00785598752605311,0,0,0
800,0.5,37,0.00166402064229896,0.00610970274308079,0.00351160904383867,0,0,0
1600,0.5,37,0.000250226203926343,0.00205740613394262,0.00290203811835713,0,0,0
3200,0.5,37,0.000596823131226724,0.00094427155394001,8.98738130609194e-05,0,0,0
400,0.01,38,0.00445274639514056,0.0197441316982171,0.00393631826849297,0,0,0
800,0.01,38,0.00260436903288389,0.00264697939442139,0.00101502968327382,0,0,0
1600,0.01,38,0.000761190227689657,0.000783162553929886,7.05518837878921e-05,0,0,0
3200,0.01,38,0.000468896339269464,0.000470141405234199,0.000372133310453379,0,0,0
400,0.05,38,0.00172963235604736,0.0088665398123297,0.000312876849760371,0,0,0
800,0.05,38,0.000915141235689564,0.00143882990307787,0.00205753514577578,0,0,0
1600,0.05,38,6.7339909808712e-05,0.00156099329861186,0.00171601337229136,0,0,0
3200,0.05,38,0.000658889046068515,0.000350921030203668,0.000292845136228861,0,0,0
400,0.1,38,0.00400539870867474,0.000205992713022243,0.00257152952174648,0,0,0
800,0.1,38,0.00110379932165192,0.00570996867948037,0.00209798533525875,0,0,0
1600,0.1,38,0.000420895700573651,0.00289070656949813,0.00155860042654914,0,0,0
3200,0.1,38,0.000259374860988306,0.000816379576197253,0.000796593301731477,0,0,0
400,0.2,38,0.000643886859237803,0.00538010374705116,0.00204208508601428,0,0,0
800,0.2,38,0.00249683948500431,0.00541470561855442,0.000957132407004298,0,0,0
1600,0.2,38,0.000467907216806217,0.000853312036769982,0.00310019053130826,0,0,0
3200,0.2,38,0.000390978812876005,0.000611019924656236,0.000571182681578968,0,0,0
400,0.5,38,0.00550221971321931,0.0074286735251657,0.0106020979549096,0,0,0
800,0.5,38,0.0032676587298341,0.00404590719368113,0.00320229402084055,0,0,0
1600,0.5,38,0.000616745318190485,0.00284140563896919,0.000771232431696929,0,0,0
3200,0.5,38,9.45860610720564e-05,0.000320796294601615,0.00047467677581476,0,0,0
400,0.01,39,0.0011617311551063,0.00874593476917707,0.00193553376452712,0,0,0
800,0.01,39,0.00311822518697073,0.00769243648878836,0.000992540531370225,0,0,0
1600,0.01,39,0.00101566363099635,0.000343235561195632,0.000221097301474573,0,0,0
3200,0.01,39,0.000787574123593272,0.000906439197821487,9.54994643983578e-05,0,0,0
400,0.05,39,0.00109407688943786,0.00528072175851585,0.00560030178523043,0,0,0
800,0.05,39,0.00268651922837749,0.000466231098176316,0.00387241533519822,0,0,0
1600,0.05,39,0.000368228987680543,0.00151516697871409,0.00210251139607733,0,0,0
3200,0.05,39,0.000237762986157364,0.000666289335035034,0.000830973344314433,0,0,0
400,0.1,39,0.000696753679386922,0.0130659508367777,0.00381756970677139,0,0,0
800,0.1,39,0.00231369997723409,0.00140248306117395,0.00043695916573484,0,0,0
1600,0.1,39,0.000901538854070545,0.000624659279173037,0.000254654043803472,0,0,0
3200,0.1,39,0.000272714991349155,0.000944014357997874,0.000456216188245334,0,0,0
400,0.2,39,0.00189441657630595,0.00906016393603612,0.00438927070203823,0,0,0
800,0.2,39,0.00096711720074635,0.00151241765676287,0.00317145120870374,0,0,0
1600,0.2,39,0.000822766030743786,0.0020189010951943,0.000938215305858163,0,0,0
3200,0.2,39,7.32445239808355e-05,0.00135493481363532,0.00065196890710526,0,0,0
400,0.5,39,0.00495725441020411,0.00503059756219872,0.00876944788073666,0,0,0
800,0.5,39,0.000560463097038489,0.00272401537599166,0.0050432402749896,0,0,0
1600,0.5,39,8.36548488884313e-05,0.00514875944139701,0.000572000581182821,0,0,0
3200,0.5,39,0.000397944243467271,0.00074247658642923,0.0021505920471625,0,0,0
400,0.01,40,0.00108408298154787,0.00479298750282067,0.0146127514906052,0,0,0
800,0.01,40,0.00119696704558475,0.000457061779357189,0.000668349944599875,0,0,0
1600,0.01,40,0.00169136576686894,0.000493497862155198,0.00356996739340809,0,0,0
3200,0.01,40,0.000403225424327818,0.000361213604267417,9.53505494924883e-05,0,0,0
400,0.05,40,0.00135870191197388,0.0037309193334954,0.00499884030975298,0,0,0
800,0.05,40,0.00177204661560932,0.00183568517265907,0.00301958693797715,0,0,0
1600,0.05,40,0.000208284723798859,0.000390101282131112,0.00161736214708405,0,0,0
3200,0.05,40,0.000314985843147371,0.00152302423816811,0.000448898336133208,0,0,0
400,0.1,40,0.00364020469103956,0.00924096658976148,0.00088439371519837,0,0,0
800,0.1,40,0.00116756897173323,0.00149025678819238,0.000331833002617891,0,0,0
1600,0.1,40,0.000175726430192468,0.00250101862188646,0.000149638940314545,0,0,0
3200,0.1,40,0.000153107860663487,0.000264982360337725,0.000502327843490932,0,0,0
400,0.2,40,0.00499895240150118,0.0212225741006374,0.00267504589678666,0,0,0
800,0.2,40,0.00238853404279666,0.00574952103870175,0.00633153754036978,0,0,0
1600,0.2,40,0.000682074840298247,0.00063958786218753,0.000740292025008006,0,0,0
3200,0.2,40,0.000414252396070952,0.000306078197985791,0.0002053351550902,0,0,0
400,0.5,40,0.00147050108262063,0.00945791292044511,0.00259074929407064,0,0,0
800,0.5,40,0.00233628450377786,0.005521778283205,0.000445777248221862,0,0,0
1600,0.5,40,0.000629185120892678,0.000671498849997484,0.00128088145084392,0,0,0
3200,0.5,40,0.000234820046298395,0.000103547048903349,0.000520439614260839,0,0,0
400,0.01,41,0.00340136061296158,0.00940936273165063,0.00212484538604043,0,0,0
800,0.01,41,0.0010239987111852,0.00370278813192197,0.000314927690765568,0,0,0
1600,0.01,41,0.000319616515834813,0.00445371568018721,0.0012900682235783,0,0,0
3200,0.01,41,0.000136154744691738,0.000476229685010617,0.00140055496506498,0,0,0
400,0.05,41,0.0020456924127402,0.00415720411266574,0.000361500865899416,0,0,0
800,0.05,41,0.00174713679823442,0.000541680399285743,0.00175603240029011,0,0,0
1600,0.05,41,0.000101479383856436,0.00059630579939834,0.00357840571870949,0,0,0
3200,0.05,41,0.00021516670382359,0.000720277361347074,0.000326423589663883,0,0,0
400,0.1,41,0.00233587559959972,0.00260173507688124,0.0082572932308769,0,0,0
800,0.1,41,0.00154776743128752,0.00303446271668072,0.00339956843219844,0,0,0
1600,0.1,41,0.000442301273669656,0.00246597417970905,0.000437601693294155,0,0,0
3200,0.1,41,0.00028167478854984,0.00125430874787349,0.000555876066306305,0,0,0
400,0.2,41,0.00623828932772754,0.00326510418417574,0.00563754819149187,0,0,0
800,0.2,41,0.00309926383328481,0.000608420441558887,0.000707661968773055,0,0,0
1600,0.2,41,0.0010162820774315,0.0015544311333839,0.000551306552039246,0,0,0
3200,0.2,41,0.000380872933173912,0.00143275871576835,0.00113327482547125,0,0,0
400,0.5,41,0.00415701947306826,0.0109059307475822,0.00326329668494007,0,0,0
800,0.5,41,0.00136501727902505,0.00186652787518381,0.00109411825872179,0,0,0
1600,0.5,41,0.000517563034040097,0.000649551495735839,0.000313584759081527,0,0,0
3200,0.5,41,0.000204096169856714,0.000361610746872195,0.000827338177869086,0,0,0
400,0.01,42,0.00606015942804413,0.00232150738722548,0.00244633033928828,0,0,0
800,0.01,42,0.00153771668932634,0.00148447166315195,0.00183001079347142,0,0,0
1600,0.01,42,0.000281045999152617,0.0001203852235093,0.000172500811493793,0,0,0
3200,0.01,42,0.000255840961150277,6.91148024636858e-05,0.00109288714512549,0,0,0
400,0.05,42,0.00343852284549809,0.00231127646447556,0.00500687351170554,0,0,0
800,0.05,42,0.00367326698231112,0.00159382933333399,0.000544824473051016,0,0,0
1600,0.05,42,0.000500802120241875,0.000509280996270088,0.000358181107180499,0,0,0
3200,0.05,42,0.000453843899843324,0.000483502595155076,0.000492439727994255,0,0,0
400,0.1,42,0.00261031391833574,0.004587403991979,0.00347694866042807,0,0,0
800,0.1,42,0.00283848626215392,0.00183798833690948,0.0014465882327927,0,0,0
1600,0.1,42,0.000728529654242805,0.00209762588001161,0.00230535219350598,0,0,0
3200,0.1,42,0.000176693365142083,0.000587206994535782,0.000151479293851794,0,0,0
400,0.2,42,0.00249563216820182,0.0105444752220025,0.00910742766192191,0,0,0
800,0.2,42,0.0012157393667886,0.00340581254213707,0.00371753490360228,0,0,0
1600,0.2,42,0.000211807797213546,0.00183711067991008,0.00119767410581452,0,0,0
3200,0.2,42,0.000452723687646505,0.000574545709543725,0.0012420460418788,0,0,0
400,0.5,42,0.00358248247088078,0.0105711739655472,0.00588252175060851,0,0,0
800,0.5,42,0.00227769946268624,0.00205114606786739,0.00586118239194727,0,0,0
1600,0.5,42,0.00300230287846533,0.00143550008340411,0.00236894900458108,0,0,0
3200,0.5,42,0.000496986553461193,0.000929191455449783,0.000520180506737693,0,0,0
400,0.01,43,0.00114858762470284,0.0141176685041204,0.00905451890929237,0,0,0
800,0.01,43,0.00458611010847184,0.00433456088549181,0.00148542491302884,0,0,0
1600,0.01,43,0.00113788575837886,0.00175226811465085,0.000270745299742229,0,0,0
3200,0.01,43,0.000613711839942606,0.000202783901627721,0.000393160630883162,0,0,0
400,0.05,43,0.00247220868428816,0.00379744206976089,0.00441521777900387,0,0,0
800,0.05,43,0.00459057367359227,0.000928302170462486,0.00403390554943696,0,0,0
1600,0.05,43,0.000258703326742926,0.00392536121473172,0.000867427630417933,0,0,0
3200,0.05,43,0.000328987322478409,0.00066067274484405,0.000863298689608953,0,0,0
400,0.1,43,0.00436936886004644,0.000892962263946412,0.000672016439731441,0,0,0
800,0.1,43,0.000808115144794737,0.0115742927965102,0.00198723283233489,0,0,0
1600,0.1,43,0.000840735976425638,0.000967081594282599,0.000851728656874307,0,0,0
3200,0.1,43,0.000349918632363388,0.000538811995073746,0.000409829131584898,0,0,0
400,0.2,43,0.00172595322982684,0.00897057596770047,0.00940942716878725,0,0,0
800,0.2,43,0.00091669276324922,0.00268854143264811,0.00377217261771585,0,0,0
1600,0.2,43,0.00139757919689253,0.00288610712216827,0.00129974112568493,0,0,0
3200,0.2,43,7.44648120168701e-05,0.000276099829338989,0.00034750188365957,0,0,0
400,0.5,43,0.00569301513368628,0.00364439713798026,0.00595969051495829,0,0,0
800,0.5,43,0.00168227763450204,0.00454413596425552,0.0030944948217487,0,0,0
1600,0.5,43,0.000625122195825879,0.000718559711580329,0.00256007521888964,0,0,0
3200,0.5,43,0.000439438263094911,0.000323537469852154,0.00119469941997978,0,0,0
400,0.01,44,0.00655221056256056,0.00194835777366353,0.00360337101240792,0,0,0
800,0.01,44,0.00142329524298646,0.00423529146448875,0.000845634755024527,0,0,0
1600,0.01,44,0.00121666110032797,0.000289055989216732,0.000420097963823538,0,0,0
3200,0.01,44,0.000836652736509415,0.000188851243314585,0.000676924994464308,0,0,0
400,0.05,44,0.00269328603251089,0.00948387694964155,0.0112474329068939,0,0,0
800,0.05,44,0.000505738441263271,0.00203939074828808,0.00182975564813388,0,0,0
1600,0.05,44,0.000542522652005124,0.00204457667522788,0.000482706657325757,0,0,0
3200,0.05,44,0.000502348318391086,0.00170844771368106,0.000453362403194138,0,0,0
400,0.1,44,0.00200742735078281,0.00272410951320218,0.00245442292550653,0,0,0
800,0.1,44,0.000767271734397685,0.00466200631983765,0.00318446548883203,0,0,0
1600,0.1,44,0.000134670227943385,0.00134057785946347,0.000347346272013311,0,0,0
3200,0.1,44,0.000231836480251609,0.00222139744432881,0.000254118002498725,0,0,0
400,0.2,44,0.000951364394558245,0.00740976815754469,0.00625438357882366,0,0,0
800,0.2,44,0.000843447743586772,0.000628234322533201,0.000541506303135637,0,0,0
1600,0.2,44,0.000994719466045511,0.00288488437160468,0.000581480595300908,0,0,0
3200,0.2,44,0.000163688606996341,0.00208830232812385,0.000119100859958964,0,0,0
400,0.5,44,0.0026850131389411,0.0129538727738786,0.00656770026200493,0,0,0
800,0.5,44,0.00320256389437891,0.00742545763228024,0.0012653697899675,0,0,0
1600,0.5,44,0.000257023420907151,0.000159253664292413,0.00102413730545777,0,0,0
3200,0.5,44,0.00031171160998156,0.000958446258192976,0.000544574861039331,0,0,0
400,0.01,45,0.00192365662841613,0.00341158350819545,0.00248012456613883,0,0,0
800,0.01,45,0.00156020000536937,0.00138342441886869,0.000539820808347664,0,0,0
1600,0.01,45,0.000171154072580763,0.000544656959594232,0.000464803381504244,0,0,0
3200,0.01,45,3.70212631148988e-05,0.00226438195599003,0.000132493992991626,0,0,0
400,0.05,45,0.00580153973246313,0.007821230033805,0.0034565670811052,0,0,0
800,0.05,45,0.000509039229172898,0.001910990699804,0.00355879018055685,0,0,0
1600,0.05,45,0.000344792730233861,0.00172611878415007,0.00117314757055198,0,0,0
3200,0.05,45,0.000602485230869876,0.00221701182566402,0.000618168123963362,0,0,0
400,0.1,45,0.00274751609331826,0.0196867923065951,0.0108302732318985,0,0,0
800,0.1,45,0.000573988839220616,0.00378404474309268,0.00209156827904569,0,0,0
1600,0.1,45,0.000226193388337685,0.000153486559790119,0.000156352067045209,0,0,0
3200,0.1,45,0.000281634520689042,0.000575154965669209,0.000538838252748495,0,0,0
400,0.2,45,0.00148776322700722,0.00734584055221761,0.00312283368860891,0,0,0
800,0.2,45,0.00107511739041283,0.00315019942225556,0.00295223067950394,0,0,0
1600,0.2,45,0.00070057003830453,0.000539887266388261,0.00248866912765477,0,0,0
3200,0.2,45,0.00020821986642715,0.000976737808472005,0.00034109388364932,0,0,0
400,0.5,45,0.00147405320792833,0.00268241390403489,0.00784450732274631,0,0,0
800,0.5,45,0.0016572562115225,0.000337294192984307,0.000201367802404749,0,0,0
1600,0.5,45,0.00135204283348954,0.00260266713466441,0.000665464238420638,0,0,0
3200,0.5,45,0.000415064596257887,0.00144918567312975,0.000112424707821009,0,0,0
400,0.01,46,0.00408443228297091,0.00288098254715943,0.00592540212859121,0,0,0
800,0.01,46,0.00174994867236888,0.00108858454941181,0.0064554307211632,0,0,0
1600,0.01,46,0.000603356973223125,0.00186855371528539,0.000418522641373957,0,0,0
3200,0.01,46,0.00088423413395932,0.000976817510928211,0.000336099164650957,0,0,0
400,0.05,46,0.00153637247665071,0.000996970075034301,0.000476218019517453,0,0,0
800,0.05,46,0.00109930137490635,0.00143911547475977,0.00253182414353693,0,0,0
1600,0.05,46,0.000810707121219617,0.000117377995766094,0.000484828896895942,0,0,0
3200,0.05,46,0.000265753684629891,0.00174149039649803,0.000577846533809779,0,0,0
400,0.1,46,0.00357320517220089,0.0134611575584635,0.00421789018531995,0,0,0
800,0.1,46,0.00796274947961285,0.0028340962964133,0.0086956680477329,0,0,0
1600,0.1,46,0.000870090724086822,0.00324928181383655,0.000787636434291446,0,0,0
3200,0.1,46,0.000282339365808631,0.00107356059047063,0.00108631098642012,0,0,0
400,0.2,46,0.00249546060562918,0.00344416460509574,0.00482387923303635,0,0,0
800,0.2,46,0.00506660118343281,0.00174838727857854,0.000484545181067666,0,0,0
1600,0.2,46,8.47612670548035e-05,0.000751517538892432,0.000783595664250764,0,0,0
3200,0.2,46,0.000173481938549679,0.00147282964745306,0.000295060639815172,0,0,0
400,0.5,46,0.000461367101829009,0.00432856952443101,0.0058857979848601,0,0,0
800,0.5,46,0.00364340821891035,0.0032971360932116,0.000266951442094005,0,0,0
1600,0.5,46,0.00128838624512563,0.000781355815500642,0.00161264259709056,0,0,0
3200,0.5,46,0.000427484899408217,0.000316022176299655,0.00139324375693132,0,0,0
400,0.01,47,0.00602379383607763,0.0093642926454901,0.00193643837189173,0,0,0
800,0.01,47,0.00269357126397875,0.00234499017256673,0.00115335459135103,0,0,0
1600,0.01,47,0.000752234962153391,0.00187916703586166,0.00163793993962542,0,0,0
3200,0.01,47,0.000306887978430736,0.000934162768518331,0.000323637254082353,0,0,0
400,0.05,47,0.00536251999943202,0.0185490780189504,0.00440818753883508,0,0,0
800,0.05,47,0.000773506918346277,0.00871794930836301,0.00430605526180959,0,0,0
1600,0.05,47,0.000586203768253991,0.00375091587271194,0.00116107564862292,0,0,0
3200,0.05,47,0.000221178442870657,0.00103119054990009,0.000414535286314011,0,0,0
400,0.1,47,0.00386704030094495,0.00534368154822068,0.00963935178836257,0,0,0
800,0.1,47,0.00157382183138917,0.00230446833391423,0.00266017604011903,0,0,0
1600,0.1,47,0.000717610660040305,0.00247315358878239,7.46053495584682e-05,0,0,0
3200,0.1,47,0.000376873633457979,0.000237634197861709,0.000644220280899115,0,0,0
400,0.2,47,0.000746645436457947,0.00773932784461337,0.0057882909343652,0,0,0
800,0.2,47,0.00173400233958458,0.000957576114616403,0.000320553437699404,0,0,0
1600,0.2,47,0.00213618837686917,0.000696381508172663,0.00131249953970276,0,0,0
3200,0.2,47,0.000162599949729801,0.00109645874016611,0.000335039597658128,0,0,0
400,0.5,47,0.00418381196665689,0.0185239311473646,0.00517742082892501,0,0,0
800,0.5,47,0.00119923714820891,0.00159177534326892,0.00351195084850459,0,0,0
1600,0.5,47,0.00165068242388367,0.00215060834472326,0.002397911506087,0,0,0
3200,0.5,47,0.000276232063755141,0.000763447929027366,0.000335202360200584,0,0,0
400,0.01,48,0.000862288572217319,0.0097168134046559,0.00398835618178814,0,0,0
800,0.01,48,0.00116380570715911,0.00471543369946309,0.000930900496152845,0,0,0
1600,0.01,48,0.000976154435822766,0.000971377297146815,0.00144971831332172,0,0,0
3200,0.01,48,0.000351684686359354,0.000602634083381995,0.000513661393043044,0,0,0
400,0.05,48,0.00166675186004218,0.00330026762376686,0.00650691720094089,0,0,0
800,0.05,48,0.00107419301912576,0.00546115129634451,0.00240485648903808,0,0,0
1600,0.05,48,0.000248901734964682,0.000860386722827275,0.000289998974131443,0,0,0
3200,0.05,48,0.000381234627675124,0.000846471383207822,0.000767243329489851,0,0,0
400,0.1,48,0.0101218900614784,0.00686112298473232,0.00229563040018039,0,0,0
800,0.1,48,0.000384148097706028,0.00180681492000458,0.000412308885993554,0,0,0
1600,0.1,48,0.000926106545930653,0.00287227731549253,0.000850178348361862,0,0,0
3200,0.1,48,0.000469247324036871,0.000835913655601252,0.00052987602960043,0,0,0
400,0.2,48,0.00696865835999605,0.00441126317419401,0.00338981988190167,0,0,0
800,0.2,48,0.000816676820774338,0.00120751061812212,0.000917965398088775,0,0,0
1600,0.2,48,0.00206164227865554,0.00248783988943759,0.000352686134324001,0,0,0
3200,0.2,48,0.000169387478600041,0.000962846100829326,0.000127677856183467,0,0,0
400,0.5,48,0.00110441097616529,0.0118162507487167,0.00137762737903465,0,0,0
800,0.5,48,0.000216804643743322,0.00823244886029488,0.00126156830948053,0,0,0
1600,0.5,48,0.00143174903317448,0.000920587813279243,0.0013084390746271,0,0,0
3200,0.5,48,0.000465125786029204,0.00109004395361495,0.000528682196180012,0,0,0
400,0.01,49,0.00110494886249855,0.006556701403253,0.0017565041326171,0,0,0
800,0.01,49,0.000745308958977065,0.00437572115419749,0.00121371275469148,0,0,0
1600,0.01,49,0.00126083528546573,0.00136516743322593,0.00306212003917947,0,0,0
3200,0.01,49,0.000280880300011889,0.000641050717384818,0.000586992856632021,0,0,0
400,0.05,49,0.00414711899192967,0.00139246554660195,0.00135630264488338,0,0,0
800,0.05,49,0.00208843580805838,0.00295174812856829,0.00158566754266756,0,0,0
1600,0.05,49,0.00134352553230246,0.00118698817847464,0.000589593885803899,0,0,0
3200,0.05,49,0.000377537123786616,0.00064550597676722,0.000427112008506059,0,0,0
400,0.1,49,0.00439740107405906,0.0128157440706972,0.00871333775156874,0,0,0
800,0.1,49,0.000715690858718045,0.00263345372683827,0.00242654197611932,0,0,0
1600,0.1,49,0.00159649785782268,0.00143975111518642,0.0024841077523204,0,0,0
3200,0.1,49,0.000548101719167284,0.000725009445177997,0.00073470312792596,0,0,0
400,0.2,49,0.00574711963664609,0.0102280136018183,0.00356142384070168,0,0,0
800,0.2,49,0.00364282707175302,0.00478821167755638,0.000794541448000687,0,0,0
1600,0.2,49,0.000346606662469875,0.00048261576056787,0.00178973345979764,0,0,0
3200,0.2,49,0.000233065453235099,0.000548693928079288,0.000910301874484474,0,0,0
400,0.5,49,0.0069265079742386,0.0121893367057338,0.00362657408063223,0,0,0
800,0.5,49,0.0012062005531093,0.00441494089818935,0.000689173800316353,0,0,0
1600,0.5,49,0.00229827194705003,0.000777901723681947,0.00187653867512882,0,0,0
3200,0.5,49,0.00026995861291055,0.000779884844816159,0.000236751729274074,0,0,0
400,0.01,50,0.00142387256051553,0.01190855443288,0.00960606339882931,0,0,0
800,0.01,50,0.000629545715781066,0.00237233797620975,0.00202804569956181,0,0,0
1600,0.01,50,0.000910416703530472,0.000582025773820808,0.000115196340072181,0,0,0
3200,0.01,50,0.000477502504567679,0.0007935875370235,0.0004299701739749,0,0,0
400,0.05,50,0.00431083584972148,0.000547089060469992,0.00328721910387417,0,0,0
800,0.05,50,0.00198924309391121,0.00176153321071514,0.00266978760005854,0,0,0
1600,0.05,50,0.00124757634676826,0.00146990362412898,0.00115971809625699,0,0,0
3200,0.05,50,0.000779178614263429,0.000416842698260561,0.000468223340736439,0,0,0
400,0.1,50,0.00092592612594552,0.0136541875102679,0.0119098565033856,0,0,0
800,0.1,50,0.000851770484892926,0.00403137865541999,0.00131298494914238,0,0,0
1600,0.1,50,0.00385644871380429,0.000793346115439902,0.00113609760414275,0,0,0
3200,0.1,50,0.00062019473597585,0.000285594223413439,0.00173695811888805,0,0,0
400,0.2,50,0.00220006058978058,0.00306340511186622,0.00106337590889579,0,0,0
800,0.2,50,0.00191416156365244,0.000623218144946497,0.00278150897346731,0,0,0
1600,0.2,50,0.000401834114035254,0.000404081955901075,0.000286611000625937,0,0,0
3200,0.2,50,0.000405918483993311,0.000314809919843596,0.000432059417209408,0,0,0
400,0.5,50,0.00285699491715372,0.0120559273535732,0.00644890160534557,0,0,0
800,0.5,50,0.000668484073655396,0.00297279489237329,0.0062699622170258,0,0,0
1600,0.5,50,0.00116113668997991,0.000793851236897853,0.000424133602029122,0,0,0
3200,0.5,50,0.000230766288108286,0.000113796214655747,0.000818789192502153,0,0,0
